short_link,caption,redditor,imgur_link,article_link
https://redd.it/ufj63w,India seizes $725 million assets from Xiaomi unit over illegal remittances,Avieshek,https://i.imgur.com/aCVoxk8.jpg,https://tinyurl.com/yyhdwn44
https://redd.it/ufj63w,India seizes $725 million assets from Xiaomi unit over illegal remittances,Avieshek,https://i.imgur.com/x8Tw5XM.jpg,https://tinyurl.com/yyhdwn44
https://redd.it/ufz5ho,Elon Musk Wants to Rid Twitter of 'Spam Bots.' Nearly Half His Followers Are Fake.,Souled_Out,https://i.imgur.com/Gj50LfK.jpg,https://tinyurl.com/y2sryhg3
https://redd.it/ufw18y,'Right to be forgotten': Israel firm promises to purge digital footprint,Sorin61,https://i.imgur.com/k5MUMOC.jpg,https://tinyurl.com/y6ysbfp8
https://redd.it/ufrpyd,Amazon workers won’t get paid for Covid leave anymore,Sorin61,https://i.imgur.com/CebKQNN.jpg,https://tinyurl.com/yyfgxhev
https://redd.it/ugbcf6,Apple warns supply chain Issues could have US$8b impact,upyoars,https://i.imgur.com/BrE3LnK.jpg,https://tinyurl.com/y53y87rb
https://redd.it/ufwtwy,The real problem with Twitter under Elon Musk may involve privacy,zsreport,https://i.imgur.com/aTfb2b6.jpg,https://tinyurl.com/y4kdv2g8
https://redd.it/ugbcf6,Apple warns supply chain Issues could have US$8b impact,upyoars,https://i.imgur.com/FeIA8vu.jpg,https://tinyurl.com/y53y87rb
https://redd.it/ugnm9x,"Apple Pay is anticompetitive, says EU in preliminary ruling",miso25,https://i.imgur.com/kZrBeUJ.jpg,https://tinyurl.com/y369jzw7
https://redd.it/ugokgf,US Court Orders Every ISP in the United States to Block Illegal Streaming Sites,thyroiconfused,https://i.imgur.com/sHR0Zlx.jpg,https://tinyurl.com/yy4u5rqy
https://redd.it/ugknm1,MyPillow CEO Mike Lindell re-banned from Twitter 3 hours after return,Wonderful_Taro_790,https://i.imgur.com/49lLwc5.jpg,https://tinyurl.com/y4eh53qp
https://redd.it/ugnp5o,"To Win the Next War, the Pentagon Needs Nerds",Avieshek,https://i.imgur.com/7DGaHs0.jpg,https://tinyurl.com/y6de5bfu
https://redd.it/ugrzl7,EU regulator accuses Apple of restricting rivals' access to payment tech,GoMx808-0,https://i.imgur.com/1a0mlZu.jpg,https://tinyurl.com/y6sxxlng
https://redd.it/ugrzl7,EU regulator accuses Apple of restricting rivals' access to payment tech,GoMx808-0,https://i.imgur.com/qwpSsxU.jpg,https://tinyurl.com/y6sxxlng
https://redd.it/ugrzl7,EU regulator accuses Apple of restricting rivals' access to payment tech,GoMx808-0,https://i.imgur.com/qwpSsxU.jpg,https://tinyurl.com/y6sxxlng
https://redd.it/ugrzl7,EU regulator accuses Apple of restricting rivals' access to payment tech,GoMx808-0,https://i.imgur.com/lOlJGBh.jpg,https://tinyurl.com/y6sxxlng
https://redd.it/ugtrld,‘Tired’ Twitter CEO admits regrets during all-hands meeting: leaked audio,HLMenckenFan,https://i.imgur.com/w2taG7H.jpg,https://tinyurl.com/y5oybpgc
https://redd.it/ugwi1q,"Google makes $100,000 worth of tech training free to every U.S. business",Soupjoe5,https://i.imgur.com/SXtBhIQ.jpg,https://tinyurl.com/y6nvyw6r
https://redd.it/ugwi1q,"Google makes $100,000 worth of tech training free to every U.S. business",Soupjoe5,https://i.imgur.com/4EaB6Oa.jpg,https://tinyurl.com/y6nvyw6r
https://redd.it/ugwi1q,"Google makes $100,000 worth of tech training free to every U.S. business",Soupjoe5,https://i.imgur.com/4EaB6Oa.jpg,https://tinyurl.com/y6nvyw6r
https://redd.it/uh3ksn,Japanese railway company to use a giant humanoid robot for fixing power lines,Skippy27,https://i.imgur.com/9wZpx6z.jpg,https://tinyurl.com/y44qsvzf
https://redd.it/ugv20f,Microsoft is testing a free 1GB-per-month VPN service in its Edge browser,a_Ninja_b0y,https://i.imgur.com/uJ4SFZm.jpg,https://tinyurl.com/y55p2zof
https://redd.it/uh1ijk,"Twitter estimates spam, fake accounts represent less than 5% of users -filing",Pessimist2020,https://i.imgur.com/xGbbj76.jpg,https://tinyurl.com/y4954swc
https://redd.it/uhbirh,India Orders VPN Companies to Collect and Hand Over User Data,fastclickertoggle,https://i.imgur.com/LBx9Do2.jpg,https://tinyurl.com/yy2qmcbk
https://redd.it/uhdvsx,Tim Cook says more iPhone buyers switched from Android last quarter,Avieshek,https://i.imgur.com/0Qc7w2w.jpg,https://tinyurl.com/y2qd53mn
https://redd.it/ugxzpi,You can now ask Google to take your personal data out of its search results,AlwaysTheNoob,https://i.imgur.com/2Rz21TU.jpg,https://tinyurl.com/y6hxgvae
https://redd.it/uhdp1f,Apple could be forced to support Google Pay and Samsung Pay,Sorin61,https://i.imgur.com/4vArPke.jpg,https://tinyurl.com/yydzn2lg
https://redd.it/uhmc0j,"Is Google getting worse? Why critics say ads, spam sites are killing search",Gold_Photograph1,https://i.imgur.com/mLpunCs.jpg,https://tinyurl.com/y2bwl47h
https://redd.it/uhjpaj,Microsoft Edge surpasses Safari as the second most popular desktop browser,Avieshek,https://i.imgur.com/WlsImBq.jpg,https://tinyurl.com/y6xdanax
https://redd.it/uhiak0,Top mental health apps are 'data sucking machines' that could be trading your sensitive information. These apps target people at their most vulnerable. People who probably don't expect their mental health struggles can turn into advertising data,GoMx808-0,https://i.imgur.com/KWyVIeB.jpg,https://tinyurl.com/y4zqpw7e
https://redd.it/uhobq5,Instagram is testing a TikTok-like full-screen feed,Internet_Finds,https://i.imgur.com/kEUAEO5.jpg,https://tinyurl.com/y3flvhsb
https://redd.it/ui5e4l,Elon Musk suggests charging governments and corporations a ‘slight cost’ to use Twitter | Musk: ‘Twitter will always be free for casual users’,chrisdh79,https://i.imgur.com/3LbOKGR.jpg,https://tinyurl.com/yyt6bssn
https://redd.it/ui92zq,LinkedIn Fined For Paying Women Workers Less Than Men,savedelete_,https://i.imgur.com/Im6c2Fk.jpg,https://tinyurl.com/yxopay9p
https://redd.it/uieslr,NFT sales plummet 92% as market ‘collapses’,Exastiken,https://i.imgur.com/wilqfiQ.jpg,https://tinyurl.com/y2ajx5z8
https://redd.it/uiceg5,Samsung says its new 256GB Pro Endurance microSD cards can write for 16 years straight,giuliomagnifico,https://i.imgur.com/f0QrIvi.jpg,https://tinyurl.com/y4jvt8ap
https://redd.it/uiceg5,Samsung says its new 256GB Pro Endurance microSD cards can write for 16 years straight,giuliomagnifico,https://i.imgur.com/8hnugtS.jpg,https://tinyurl.com/y4jvt8ap
https://redd.it/uibyyg,Anonymous Hackers Warn Supreme Court Against Overturning Roe vs. Wade: 'Expect Us',Souled_Out,https://i.imgur.com/mnB80dO.jpg,https://tinyurl.com/yxlfhj7f
https://redd.it/uiowlj,Bill Gates says Elon Musk could make Twitter 'worse' — but that people should never underestimate him,GoMx808-0,https://i.imgur.com/w4bMyOZ.jpg,https://tinyurl.com/yyvndnzh
https://redd.it/uiemem,Anonymous Leak 82GB of Police Emails Against Australia's Offshore Detention,4nis,https://i.imgur.com/qYsGuH0.jpg,https://tinyurl.com/y5z36qbp
https://redd.it/uisagt,13% of U.S. Netflix subs would cancel if charged extra for password sharing,kry_some_more,https://i.imgur.com/twzO4rW.jpg,https://tinyurl.com/y5q7m2jd
https://redd.it/uivnho,iPod inventor says 'the metaverse is wrong' because you can't actually connect with people face-to-face,DarthBuzzard,https://i.imgur.com/pxIYnNd.jpg,https://tinyurl.com/y6yfjcva
https://redd.it/uj2dms,Nearly a third of U.S. adults are more ‘scared’ of the metaverse than ‘excited’,prixb,https://i.imgur.com/T7J6oqq.jpg,https://tinyurl.com/y2pktre9
https://redd.it/uj8flu,Russia Looks to Prisons in Desperate Search for People With IT Skills,tyw7,https://i.imgur.com/Dgmjcsq.jpg,https://tinyurl.com/y2ry2y7m
https://redd.it/uj2riy,"Teen hacker turns millionaire after exposing security flaw that could have triggered stock market crashes, sparked accusations of international spying",kry_some_more,https://i.imgur.com/qb4jVOV.jpg,https://tinyurl.com/y58u9ytc
https://redd.it/uivlou,Watch a swarm of drones autonomously track a human through a dense forest,miso25,https://i.imgur.com/sOwkKdo.jpg,https://tinyurl.com/y2rjragp
https://redd.it/ujtqws,Musk’s Twitter deal could face national security probe into foreign investors,e-r_bridge,https://i.imgur.com/Lqr56vp.jpg,https://tinyurl.com/y3s6dhp2
https://redd.it/ujizfr,"Airbnb said more than 800,000 people flocked to its careers page after it announced that employees could live and work anywhere",chrisdh79,https://i.imgur.com/uTvI5NL.jpg,https://tinyurl.com/y47plb4m
https://redd.it/ujon8k,Machine Learning Helped Scientists Create an Enzyme That Breaks Down Plastic at Warp Speed,Sorin61,https://i.imgur.com/h2VTMgH.jpg,https://tinyurl.com/y2h7pwfs
https://redd.it/ujtrgy,Chinese government to dump Windows in favor of Linux,kry_some_more,https://i.imgur.com/PlZcoCN.jpg,https://tinyurl.com/y25os2bm
https://redd.it/uk60eb,"China to ban minors from tipping livestreamers, watching after 10 p.m.",MiserableWanker,https://i.imgur.com/KW5tzhb.jpg,https://tinyurl.com/y2otea2d
https://redd.it/ujtrgy,Chinese government to dump Windows in favor of Linux,kry_some_more,https://i.imgur.com/RZUPMS3.jpg,https://tinyurl.com/y25os2bm
https://redd.it/ujzblc,Tor is about to get a whole lot faster,clash1111,https://i.imgur.com/P83meC5.jpg,https://tinyurl.com/y2xjrt5c
https://redd.it/ukjck8,It's official. Remote work has zero negative impact on your productivity,Sorin61,https://i.imgur.com/AIm3mdD.jpg,https://tinyurl.com/y649et8o
https://redd.it/uklp4o,Putting an End to Heart Attacks by Editing Human DNA,Soupjoe5,https://i.imgur.com/7cbt5DA.jpg,https://tinyurl.com/y4yve7ne
https://redd.it/ukmkt5,Apple's Director of Machine Learning Resigns Due to Return to Office Work,rainbowarriorhere,https://i.imgur.com/tWmZfYU.jpg,https://tinyurl.com/y5a3ny6e
https://redd.it/ukmufr,Microsoft open-sourced the code for 1995’s 3D Movie Maker because someone asked [Updated],kronsj,https://i.imgur.com/hfyYSWu.jpg,https://tinyurl.com/y52pgmxo
https://redd.it/ukdelt,"Musk aims to quintuple Twitter's revenue to $26.4 billion by 2028, New York Times reports",a_Ninja_b0y,https://i.imgur.com/lJdQ7HP.jpg,https://tinyurl.com/y2h9dfmg
https://redd.it/uktgod,Netflix plans to have 50 games to offer by end of 2022,kry_some_more,https://i.imgur.com/L9jQ5nL.jpg,https://tinyurl.com/y5a4ecuj
https://redd.it/ul5xk6,"Android users are better drivers, says insurance company study.",Pschobbert,https://i.imgur.com/4n53yG7.jpg,https://tinyurl.com/y3wp9nw2
https://redd.it/ul00ha,Your Phone May Soon Replace Many of Your Passwords,use_vpn_orlozeacount,https://i.imgur.com/Q0zIddz.jpg,https://tinyurl.com/y5g3wnvg
https://redd.it/ul505n,The velomobile: high-tech bike or low-tech car?,AtheistGuy1,https://i.imgur.com/6Hm6tuD.jpg,https://tinyurl.com/y5lx87ky
https://redd.it/ul7ugk,SpaceX president says humanity will be on Mars 'in this decade',kry_some_more,https://i.imgur.com/Kz1Jpec.jpg,https://tinyurl.com/yy3a6r4b
https://redd.it/ulgg79,Researchers Developed A Wearable Sensor That Can Detect Infections Like COVID-19 And Influenza Through Human Sweat,kry_some_more,https://i.imgur.com/J18KVyn.jpg,https://tinyurl.com/y48ug4xw
https://redd.it/ul1mnx,"This High Schooler Invented a Low-Cost, Mind-Controlled Prosthetic Arm",Sariel007,https://i.imgur.com/xM4d1pG.jpg,https://tinyurl.com/yyzpwanh
https://redd.it/ulum3f,NFTs are coming to Instagram this week,a_Ninja_b0y,https://i.imgur.com/VH9Jzh4.jpg,https://tinyurl.com/y2bf3oof
https://redd.it/um0f1q,"Recycling of e-waste must be urgently increased, research shows",realguiders,https://i.imgur.com/9SNWe26.jpg,https://tinyurl.com/y326tjx3
https://redd.it/umffha,Elon Musk says he's 'exactly aligned' with strict new EU rules on policing social-media platforms,chrisdh79,https://i.imgur.com/i5xEyMg.jpg,https://tinyurl.com/y4x86mqs
https://redd.it/umf6gm,Clearview AI agrees to permanent ban on selling facial recognition to private companies,BousWakebo,https://i.imgur.com/L7RrsN7.jpg,https://tinyurl.com/y6t4swm5
https://redd.it/ulvp2r,John Deere Remotely Disables Tractors Stolen in Ukraine by Russian Troops,Vercitti,https://i.imgur.com/JiZU1Q1.jpg,https://tinyurl.com/y4eewohl
https://redd.it/ummuwh,Apple discontinues iPod touch. ending 20 year run of iconic 'iPod' brand,YellowMaverick,https://i.imgur.com/FVS8Qj5.jpg,https://tinyurl.com/yy2qzmm3
https://redd.it/un76ps,El Salvador expected to default as bitcoin plummets,a_Ninja_b0y,https://i.imgur.com/3FSFLOJ.jpg,https://tinyurl.com/yxe9dpp8
https://redd.it/un7e91,"Apple will drop iPhone Lightning port in favor of USB-C in 2023, claims analyst",a_Ninja_b0y,https://i.imgur.com/wohgscR.jpg,https://tinyurl.com/yxj8m5hn
https://redd.it/undpk9,"It's 2022, phones should be built to last five years or more",Avieshek,https://i.imgur.com/OS46VoS.jpg,https://tinyurl.com/ybf9whoz
https://redd.it/unyxcd,Disney Plus added almost 8 million new subscribers as Netflix struggles,Defiant_Race_7544,https://i.imgur.com/B0VewhD.jpg,https://tinyurl.com/yag255xo
https://redd.it/uo4krh,A first: Scientists grow plants in soil from the moon,Sorin61,https://i.imgur.com/ErhgD5F.jpg,https://tinyurl.com/ycpdm6sk
https://redd.it/uoau2y,Twitter’s market cap has dropped to $9 billion below Musk’s purchase price as concerns about deal emerge,realguiders,https://i.imgur.com/Leer03u.jpg,https://tinyurl.com/yaaclwer
https://redd.it/uo5bxz,EA Sports officially ends FIFA partnership after 30 years of games,Avieshek,https://i.imgur.com/nQygFt8.jpg,https://tinyurl.com/y9eley8r
https://redd.it/uoo7lj,Elon Musk says Twitter deal temporarily on hold,Vercitti,https://i.imgur.com/zssnm2h.jpg,https://tinyurl.com/y9ur2ahv
https://redd.it/up8ltr,Elon Musk said his team is going to do a 'random sample of 100 followers' of Twitter to see how many of the platform's users are actually bots,goodtwilight,https://i.imgur.com/L6cSphy.jpg,https://tinyurl.com/y49vh6k7
https://redd.it/uor1tp,A Samsung.com ‘expert’ has been fired after speaking up about working for free,Sorin61,https://i.imgur.com/PUgk0J6.jpg,https://tinyurl.com/y96yb9qx
https://redd.it/up8ltr,Elon Musk said his team is going to do a 'random sample of 100 followers' of Twitter to see how many of the platform's users are actually bots,goodtwilight,https://i.imgur.com/ZAG5ryd.jpg,https://tinyurl.com/y49vh6k7
https://redd.it/upf217,"Netflix to Employees: If You Don’t Like Our Content, You Can Quit",OptimalConcept,https://i.imgur.com/zq2POiI.jpg,https://tinyurl.com/yytawbud
https://redd.it/upg7x8,"California just ran on 100% renewable energy, but fossil fuels aren't fading away yet",Sariel007,https://i.imgur.com/mqqmEQ2.jpg,https://tinyurl.com/y6tlmxsk
https://redd.it/uqctl4,Netflix is reportedly looking into livestreaming,ChickenTeriyakiBoy1,https://i.imgur.com/Pa5slUq.jpg,https://tinyurl.com/y5h7or77
https://redd.it/uqqsxz,West Bengal Police Raids Fake Call Centre after American YouTuber Uncovers Racket,hectormoodya,https://i.imgur.com/0CfRXxV.jpg,https://tinyurl.com/y67c3qmz
https://redd.it/urixci,Elon Musk says $44 billion Twitter deal can't proceed until CEO proves the platform has fewer than 5% fake accounts,Abhi_mech007,https://i.imgur.com/KckLgYG.jpg,https://tinyurl.com/y3zprwxl
https://redd.it/urpgqi,Apple’s and Google’s outdated apps bans would cut each store by a third,Sariel007,https://i.imgur.com/jp75ESH.jpg,"<!DOCTYPE html>
<!--[if lt IE 7]> <html class=""no-js ie6 oldie"" lang=""en-US""> <![endif]-->
<!--[if IE 7]>    <html class=""no-js ie7 oldie"" lang=""en-US""> <![endif]-->
<!--[if IE 8]>    <html class=""no-js ie8 oldie"" lang=""en-US""> <![endif]-->
<!--[if gt IE 8]><!--> <html class=""no-js"" lang=""en-US""> <!--<![endif]-->
<head>
<meta http-equiv=""refresh"" content=""0"">

<title>tinyurl.com | 525: SSL handshake failed</title>
<meta charset=""UTF-8"" />
<meta http-equiv=""Content-Type"" content=""text/html; charset=UTF-8"" />
<meta http-equiv=""X-UA-Compatible"" content=""IE=Edge"" />
<meta name=""robots"" content=""noindex, nofollow"" />
<meta name=""viewport"" content=""width=device-width,initial-scale=1"" />
<link rel=""stylesheet"" id=""cf_styles-css"" href=""/cdn-cgi/styles/main.css"" />


<script>
(function(){if(document.addEventListener&&window.XMLHttpRequest&&JSON&&JSON.stringify){var e=function(a){var c=document.getElementById(""error-feedback-survey""),d=document.getElementById(""error-feedback-success""),b=new XMLHttpRequest;a={event:""feedback clicked"",properties:{errorCode:525,helpful:a,version:1}};b.open(""POST"",""https://sparrow.cloudflare.com/api/v1/event"");b.setRequestHeader(""Content-Type"",""application/json"");b.setRequestHeader(""Sparrow-Source-Key"",""c771f0e4b54944bebf4261d44bd79a1e"");
b.send(JSON.stringify(a));c.classList.add(""feedback-hidden"");d.classList.remove(""feedback-hidden"")};document.addEventListener(""DOMContentLoaded"",function(){var a=document.getElementById(""error-feedback""),c=document.getElementById(""feedback-button-yes""),d=document.getElementById(""feedback-button-no"");""classList""in a&&(a.classList.remove(""feedback-hidden""),c.addEventListener(""click"",function(){e(!0)}),d.addEventListener(""click"",function(){e(!1)}))})}})();
</script>

</head>
<body>
<div id=""cf-wrapper"">

    

    <div id=""cf-error-details"" class=""p-0"">
        <header class=""mx-auto pt-10 lg:pt-6 lg:px-8 w-240 lg:w-full mb-8"">
            <h1 class=""inline-block sm:block sm:mb-2 font-light text-60 lg:text-4xl text-black-dark leading-tight mr-2"">
              
              <span class=""cf-error-type"">Error</span>
              <span class=""cf-error-code"">525</span>
            </h1>
            <span class=""inline-block sm:block font-mono text-15 lg:text-sm lg:leading-relaxed"">Ray ID: 70d442604dd2811f &bull;</span>
            <span class=""inline-block sm:block font-mono text-15 lg:text-sm lg:leading-relaxed"">2022-05-18 11:30:10 UTC</span>
            <h2 class=""text-gray-600 leading-1.3 text-3xl font-light"">SSL handshake failed</h2>
        </header>
        
        <div class=""my-8 bg-gradient-gray"">
            <div class=""w-240 lg:w-full mx-auto"">
                <div class=""clearfix md:px-8"">
                  
<div id=""cf-browser-status"" class="" relative w-1/3 md:w-full py-15 md:p-0 md:py-8 md:text-left md:border-solid md:border-0 md:border-b md:border-gray-400 overflow-hidden float-left md:float-none text-center"">
  <div class=""relative mb-10 md:m-0"">
    <span class=""cf-icon-browser block md:hidden h-20 bg-center bg-no-repeat""></span>
    <span class=""cf-icon-ok w-12 h-12 absolute left-1/2 md:left-auto md:right-0 md:top-0 -ml-6 -bottom-4""></span>
  </div>
  <span class=""md:block w-full truncate"">You</span>
  <h3 class=""md:inline-block mt-3 md:mt-0 text-2xl text-gray-600 font-light leading-1.3"">Browser</h3>
  <span class=""leading-1.3 text-2xl text-green-success"">Working</span>
</div>

<div id=""cf-cloudflare-status"" class="" relative w-1/3 md:w-full py-15 md:p-0 md:py-8 md:text-left md:border-solid md:border-0 md:border-b md:border-gray-400 overflow-hidden float-left md:float-none text-center"">
  <div class=""relative mb-10 md:m-0"">
    <span class=""cf-icon-cloud block md:hidden h-20 bg-center bg-no-repeat""></span>
    <span class=""cf-icon-ok w-12 h-12 absolute left-1/2 md:left-auto md:right-0 md:top-0 -ml-6 -bottom-4""></span>
  </div>
  <span class=""md:block w-full truncate"">Chicago</span>
  <h3 class=""md:inline-block mt-3 md:mt-0 text-2xl text-gray-600 font-light leading-1.3"">Cloudflare</h3>
  <span class=""leading-1.3 text-2xl text-green-success"">Working</span>
</div>

<div id=""cf-host-status"" class=""cf-error-source relative w-1/3 md:w-full py-15 md:p-0 md:py-8 md:text-left md:border-solid md:border-0 md:border-b md:border-gray-400 overflow-hidden float-left md:float-none text-center"">
  <div class=""relative mb-10 md:m-0"">
    <span class=""cf-icon-server block md:hidden h-20 bg-center bg-no-repeat""></span>
    <span class=""cf-icon-error w-12 h-12 absolute left-1/2 md:left-auto md:right-0 md:top-0 -ml-6 -bottom-4""></span>
  </div>
  <span class=""md:block w-full truncate"">tinyurl.com</span>
  <h3 class=""md:inline-block mt-3 md:mt-0 text-2xl text-gray-600 font-light leading-1.3"">Host</h3>
  <span class=""leading-1.3 text-2xl text-red-error"">Error</span>
</div>

                </div>
              
            </div>
        </div>

        <div class=""w-240 lg:w-full mx-auto mb-8 lg:px-8"">
            <div class=""clearfix"">
                <div class=""w-1/2 md:w-full float-left pr-6 md:pb-10 md:pr-0 leading-relaxed"">
                    <h2 class=""text-3xl font-normal leading-1.3 mb-4"">What happened?</h2>
                    <p>Cloudflare is unable to establish an SSL connection to the origin server.</p>
                </div>
              
                <div class=""w-1/2 md:w-full float-left leading-relaxed"">
                    <h2 class=""text-3xl font-normal leading-1.3 mb-4"">What can I do?</h2>
                          <h3 class=""text-15 font-semibold mb-2"">If you're a visitor of this website:</h3>
      <p class=""mb-6"">Please try again in a few minutes.</p>

      <h3 class=""text-15 font-semibold mb-2"">If you're the owner of this website:</h3>
      <p><span>It appears that the SSL configuration used is not compatible with Cloudflare. This could happen for a several reasons, including no shared cipher suites.</span> <a rel=""noopener noreferrer"" href=""https://support.cloudflare.com/hc/en-us/articles/200278659"">Additional troubleshooting information here.</a></p>
                </div>
            </div>
              
        </div>

        <div class=""feedback-hidden py-8 text-center"" id=""error-feedback"">
    <div id=""error-feedback-survey"" class=""footer-line-wrapper"">
        Was this page helpful?
        <button class=""border border-solid bg-white cf-button cursor-pointer ml-4 px-4 py-2 rounded"" id=""feedback-button-yes"" type=""button"">Yes</button>
        <button class=""border border-solid bg-white cf-button cursor-pointer ml-4 px-4 py-2 rounded"" id=""feedback-button-no"" type=""button"">No</button>
    </div>
    <div class=""feedback-success feedback-hidden"" id=""error-feedback-success"">
        Thank you for your feedback!
    </div>
</div>


        <div class=""cf-error-footer cf-wrapper w-240 lg:w-full py-10 sm:py-4 sm:px-8 mx-auto text-center sm:text-left border-solid border-0 border-t border-gray-300"">
  <p class=""text-13"">
    <span class=""cf-footer-item sm:block sm:mb-1"">Cloudflare Ray ID: <strong class=""font-semibold"">70d442604dd2811f</strong></span>
    <span class=""cf-footer-separator sm:hidden"">&bull;</span>
    <span class=""cf-footer-item sm:block sm:mb-1""><span>Your IP</span>: 104.154.34.146</span>
    <span class=""cf-footer-separator sm:hidden"">&bull;</span>
    <span class=""cf-footer-item sm:block sm:mb-1""><span>Performance &amp; security by</span> <a rel=""noopener noreferrer"" href=""https://www.cloudflare.com/5xx-error-landing"" id=""brand_link"" target=""_blank"">Cloudflare</a></span>
    
  </p>
</div><!-- /.error-footer -->


    </div>
</div>
</body>
</html>

"
https://redd.it/usia07,Netflix customers canceling service increasingly includes long-term subscribers,08830,https://i.imgur.com/lMqIzWW.jpg,https://tinyurl.com/y6rvxgb3
https://redd.it/usoj5z,"45 years later, scientists hone in on a mysterious alien signal's origin",TheExoplanetsChannel,https://i.imgur.com/jmlEEQT.jpg,https://tinyurl.com/y4cm6n6l
https://redd.it/usoj5z,"45 years later, scientists hone in on a mysterious alien signal's origin",TheExoplanetsChannel,https://i.imgur.com/UjMKeiP.jpg,https://tinyurl.com/y4cm6n6l
https://redd.it/usfc1u,New Bluetooth attack can remotely unlock Tesla vehicles and smart locks,BousWakebo,https://i.imgur.com/E0yTiZV.jpg,https://tinyurl.com/yy5dvsa6
https://redd.it/uv37n0,Google DeepMind claims they're close to achieving human-level AI,MichaelTen,https://i.imgur.com/UQEfIhf.jpg,https://tinyurl.com/y2vmfwow
https://redd.it/uv9vhc,Deepfake attacks can easily trick live facial recognition systems online,Sorin61,https://i.imgur.com/vSUdUx1.jpg,https://tinyurl.com/y3gw8a8h
https://redd.it/uwi6qg,SpaceX adds $25 monthly fee for users to temporarily change Starlink locations,Molire,https://i.imgur.com/nt1KyvF.jpg,https://tinyurl.com/y5d9u3zg
https://redd.it/uwobd9,"Samsung plans to create 80,000 new jobs with $356 billion investment",pleasantcompanion,https://i.imgur.com/kNh4h8I.jpg,https://tinyurl.com/2yr98jvv
https://redd.it/ux7ffu,The Decade of Cheap Uber Rides Is Over,Hrmbee,https://i.imgur.com/Du0JfWz.jpg,https://tinyurl.com/2b92tgwr
https://redd.it/uxs73v,Apple Shipped a 79-Pound iPhone Repair Kit to Fix a 1.1-Ounce Battery,rchaudhary,https://i.imgur.com/TMmS38r.jpg,https://tinyurl.com/y4w45ldf
https://redd.it/uxt34x,Twitter to pay $150 million penalty for allegedly breaking its privacy promises – again,magenta_placenta,https://i.imgur.com/K2KIQxs.jpg,https://tinyurl.com/2fgycpbe
https://redd.it/uxzuq0,Apple Increasing Starting Pay for Hourly Workers to at Least $22 Per Hour,Avieshek,https://i.imgur.com/HuHtDTs.jpg,https://tinyurl.com/2jmt9ll5
https://redd.it/uz7y9u,"Epic gives away the entire Bioshock series for free - Bioshock, Bioshock 2, and Bioshock Infinite are all free on the Epic Games Store this week",Philo1927,https://i.imgur.com/QUCWaRY.jpg,https://tinyurl.com/2guucbm5
https://redd.it/v0b9on,Google Has Banned the Training of Deepfakes in Colab,hisgayden,https://i.imgur.com/I81tg2O.jpg,https://tinyurl.com/2ztellnw
https://redd.it/v0m3lv,This 40-year-old Microsoft Excel rival is making a surprising comeback,wewewawa,https://i.imgur.com/R8XYfEu.jpg,https://tinyurl.com/2m42l88t
https://redd.it/v25e8i,"With Elon Musk’s Twitter Bid in Flux, Some Tesla Fans Say Enough Already",DullChange3212,https://i.imgur.com/1I3ECWC.jpg,https://tinyurl.com/26v9q949
https://redd.it/v271ka,Netflix’s anti-password sharing experiment in Peru reportedly leaves users confused,n1ght_w1ng08,https://i.imgur.com/A84vjPx.jpg,https://tinyurl.com/2cavloyr
https://redd.it/v2dxtt,"Elon Musk said working from home during the pandemic 'tricked' people into thinking they don't need to work hard. He's dead wrong, economists say.",chrisdh79,https://i.imgur.com/wiJKpEn.jpg,https://tinyurl.com/2cbrly7f
https://redd.it/v2ekzv,Elon Musk reportedly declares remote work ‘no longer acceptable’ at Tesla,UnknownDeveloper,https://i.imgur.com/7y6L33Y.jpg,https://tinyurl.com/2xvvgnh8
https://redd.it/v3lel5,"Ford Is Going to 100% Online, Fixed-Price Sales For EVs",esporx,https://i.imgur.com/Tf3nv2V.jpg,https://tinyurl.com/2adnz2vt
https://redd.it/v48px6,"Solar and wind keep getting cheaper as the field becomes smarter. Every time solar and wind output doubles, the cost gets cheaper and cheaper.",Yogurt789,https://i.imgur.com/NMTDLRC.jpg,https://tinyurl.com/2dfghqzl
https://redd.it/v4g0mp,"Japan sets new record, brings world closer to internet 100,000 times faster than current speeds",Scientific_Thinking,https://i.imgur.com/tvCSvyw.jpg,https://tinyurl.com/285phpyd
https://redd.it/v4ugvg,Electric Vehicles are measurably reducing global oil demand; by 1.5 million barrels a dayLEVA-EU,Sweep145,https://i.imgur.com/4bYleSg.jpg,https://tinyurl.com/28s6uw4z
https://redd.it/v4ovv6,GoFundMe Shuts Down $1M Amber Heard Fundraiser to Help Pay Johnny Depp,AdministrativeNews93,https://i.imgur.com/z86FIeC.jpg,https://tinyurl.com/2aaskecw
https://redd.it/vdfftj,Apple finally embraces open source,mike_jack,https://i.imgur.com/lmyYs8D.jpg,https://tinyurl.com/26fwwede
