red_image_url,short_link,caption,redditor,imgur_link
https://preview.redd.it/4otq677p2av81.gif?format=png8&s=76e53f1bdce8ef691262c94e3b29be251d4478a9,https://redd.it/ua53yl,Pacific Rim at home!,Technical-Garden-811,'none'
https://preview.redd.it/v57ajbypvav81.gif?format=png8&s=a32ed180b88a9bf9ebf2d75a1bb6632c791e5065,https://redd.it/ua8dpq,is it too obvious.,siddhu109,'none'
https://preview.redd.it/3r8juavtpav81.jpg?auto=webp&s=a06d05be34591e561ffbdd93ed553acec1524643,https://redd.it/ua7olw,Wholesome üôè,SodaSuckler69, 'none'
https://preview.redd.it/1l9ja4ks1bv81.gif?format=png8&s=1c77e8ab57c243ff4c84af3750ab5e75e8bf1d4d,https://redd.it/ua94bu,Always been always will be a pirate,godxgrimm,https://i.imgur.com/m3RMZcA.png
https://preview.redd.it/ygdkv8pkq9v81.jpg?auto=webp&s=4fe1db71e63846014cb4f02ab10ab7999034f1dc,https://redd.it/ua3wuu,Real heroes still exist,muhdzofmadness02,https://i.imgur.com/zLvWsz0.jpg
https://preview.redd.it/gmto4c2p6bv81.jpg?auto=webp&s=aaf3dcd6c78273cf254c3787a10df57234ba09d6,https://redd.it/ua9ow3,Not to forget boobies and an occasional BJ too.,divineblessings4me,https://i.imgur.com/wNXE13M.jpg
https://preview.redd.it/fbaf8v68m9v81.jpg?auto=webp&s=daaf020fae6fab6f28847ad5f4de4b93aa92ae1e,https://redd.it/ua3ibl,Dad Joke 100,ryan_godzez,https://i.imgur.com/NoDxK3d.jpg
https://preview.redd.it/xnei3yea1av81.jpg?auto=webp&s=f99c20f66488c446a5e59a46922e403c694855e9,https://redd.it/ua4yjo,"Stings, doesn‚Äôt it?",Affectionate_Block74,https://i.imgur.com/rRSxA8J.jpg
https://preview.redd.it/jy5dclcqx9v81.jpg?auto=webp&s=cca1bb014961aac9999db767a10bbf1dcf9c125a,https://redd.it/ua4lp0,I do like me some strong females....especially if they have abs/muscles...,ADecentAmerican,https://i.imgur.com/6wtOGH8.jpg
https://preview.redd.it/sx21go9mw7v81.gif?format=png8&s=de4491f12ee4452ab7eccca45f7c2d0991881858,https://redd.it/u9yl6p,man's on the grind,ADAMWARLOCK707,https://i.imgur.com/4sENzoI.png
https://preview.redd.it/mxyck7r5gav81.jpg?auto=webp&s=c11404e5f4eea9c7485f95812e679ebaf97c440b,https://redd.it/ua6kgt,Name him,Over-Comfort-2767,https://i.imgur.com/7PKDXku.jpg
https://preview.redd.it/4oq4gi1vcgv81.gif?format=png8&s=c5bb5b231f2effceef7980543a7f2dbdcc5516af,https://redd.it/uarpv2,You picked the wrong house fool,8Bit_Innovations,https://i.imgur.com/x2vk8Ej.png
https://preview.redd.it/1ujztzb9ugv81.jpg?auto=webp&s=b2df59e48f61ad164a23624e7284e17e37b49db3,https://redd.it/uat5so,They get what they deserve,Onetimeguy8,https://i.imgur.com/QxNG6Oj.jpg
https://preview.redd.it/cnjgc01rihv81.jpg?auto=webp&s=610ac3d12148c3dc6a44a20b5ea0be0301a4ca52,https://redd.it/uavm3b,Or maybe just hiding in a fridge would be better,Cosmicgamer2009,https://i.imgur.com/4cwRf6Q.jpg
https://preview.redd.it/wh69i30gxfv81.gif?format=png8&s=2c4608f84cbf0bb0205ad165fd66fdb97efafaee,https://redd.it/uaqi6l,Deer just came first to mind,NarcissisticEyes,https://i.imgur.com/rctMRji.png
https://preview.redd.it/l7s8jipupiv81.jpg?auto=webp&s=4cf0409a065090443f244e694d4a7a8f433bd9f0,https://redd.it/ub0of6,Y'all aint ready for that conversation,SenorBolainassieso,https://i.imgur.com/I7mfHE6.jpg
https://preview.redd.it/ab3z2s6hsiv81.png?auto=webp&s=65f376a22d121f9a33b4b1e09efa96589e71674c,https://redd.it/ub103z,How low can u go,Snoo-76854,https://i.imgur.com/7y2kZgc.png
https://preview.redd.it/vbjqms4g8jv81.gif?format=png8&s=f28af6980aeb66613953753011cfacd78753ee74,https://redd.it/ub2w2h,Sigma Rules #420,Old_Sprinkles8661,https://i.imgur.com/eEpcRwK.png
https://preview.redd.it/btolvjw72iv81.jpg?auto=webp&s=aead51aa880f4113a7073c05c3abdad8e6562b8d,https://redd.it/uaxvvy,"Oops, I messed up",Na0kiri,https://i.imgur.com/sROLZwq.jpg
https://preview.redd.it/nwdgbi4r2kv81.jpg?auto=webp&s=55390b675fedc327373bd6ec7cd202ede219d2c7,https://redd.it/ub6gce,Ukrainian teens be like,carrouselfish,https://i.imgur.com/j78NinD.jpg
https://preview.redd.it/8cqvq0vwskv81.jpg?auto=webp&s=a46c74f560450a085dece08451cb762f75c85022,https://redd.it/ub99f6,Maybe that's how they felt,pietradolce,https://i.imgur.com/s3MsxXD.jpg
https://preview.redd.it/fememekk8lv81.jpg?auto=webp&s=ecbf9e3aaf6d0536c8de31733613705ecd2834c5,https://redd.it/ubavrf,We live in a society,Kent2312,https://i.imgur.com/3mQQvEt.jpg
https://preview.redd.it/mozxo8kp9lv81.jpg?auto=webp&s=9d3790129b48dbee52255999e97bf1ec3bfecc4f,https://redd.it/ubaztq,Gonna call out sniffany but what about methany,sweetgaze,https://i.imgur.com/jER8nie.jpg
